Indicators,January 2015,February 2015,March 2015,April 2015,May 2015,June 2015,July 2015,August 2015,September 2015,October 2015,November 2015,December 2015,January 2016,February 2016,March 2016,April 2016,May 2016,June 2016,July 2016,August 2016,September 2016,October 2016,November 2016,December 2016,January 2017,February 2017,March 2017,April 2017,May 2017,June 2017,July 2017,August 2017,September 2017,October 2017,November 2017,December 2017,January 2018,February 2018,March 2018,April 2018,May 2018,June 2018,July 2018,August 2018,September 2018,October 2018,November 2018,December 2018,January 2019,February 2019,March 2019,April 2019,May 2019,June 2019,July 2019,August 2019,September 2019,October 2019,November 2019,December 2019,January 2020,February 2020,March 2020,April 2020,May 2020,June 2020,July 2020,August 2020,September 2020,October 2020,November 2020,December 2020,January 2021,February 2021,March 2021,April 2021,May 2021,June 2021,July 2021,August 2021,September 2021,October 2021,November 2021,December 2021,January 2022,February 2022,March 2022,April 2022,May 2022,June 2022,July 2022,August 2022,September 2022,October 2022,November 2022,December 2022,January 2023,February 2023,March 2023,April 2023,May 2023,June 2023,July 2023,August 2023,September 2023,October 2023,November 2023,December 2023,January 2024,February 2024,March 2024,April 2024,May 2024,June 2024
Children using vouchers for child care,"67,674","66,196","66,860","66,710","67,319","68,736","67,674","67,620","66,734","67,266","67,639","66,446","66,787","66,956","66,848","67,200","67,709","67,964","68,822","67,586","66,849","67,336","67,553","67,418","67,409","66,776","66,310","65,736","65,772","66,048","66,616","66,777","65,366","66,368","65,934","65,967","66,726","67,332","67,019","67,306","67,082","67,695","68,418","67,032","65,707","66,048","66,230","65,857","65,255","65,396","64,203","64,030","64,252","64,855","64,751","63,835","63,706","65,038","66,161","65,834","65,628","66,417","65,447","62,679","61,439","60,957","55,854","54,606","51,515","51,815","50,492","49,396","48,775","48,104","47,797","48,628","48,112","48,095","48,243","48,097","46,407","45,945","45,983","46,581","46,392","47,216","47,880","48,675","49,051","49,949","51,030","52,003","52,610","53,796","55,160","56,384","56,924","58,660","59,917","61,311","62,180","63,765","64,299","65,313","65,702","66,975","68,445","70,536","72,055","74,214","74,935","76,189","76,591","77,216"
Children using low income vouchers for child care,,,,,,,,,,,,,,,,,,,,,,,,,,,,,,,,,,,,,,,,,,,,,,,,,"4,235","4,380","4,136","4,259","4,119","4,215","4,157","4,037","3,977","3,872","3,888","3,769","3,630","3,783","3,733","3,679","3,537","3,579","3,491","3,459","3,340","3,984","3,963","3,856","3,974","3,960","5,492","5,650","5,772","6,001","6,417","6,417","6,517","6,679","6,758","6,773","6,555","6,729","6,634","6,745","6,964","7,434","8,007","8,642","10,003","10,683","11,867","13,023","13,781","15,468","16,875","18,392","19,468","22,321","23,379","24,337","25,700","27,137","29,015","30,732","32,217","34,545","36,401","38,750","40,225","42,176"
SCR intakes,"5,470","4,879","6,545","5,261","5,799","4,962","3,958","3,939","4,221","5,725","5,430","5,277","5,620","5,085","6,513","5,552","6,100","5,219","3,860","3,999","4,816","5,819","6,122","6,288","6,618","5,465","6,732","5,576","6,948","5,509","4,195","4,251","4,863","6,591","6,292","5,636","6,369","5,458","6,852","6,168","6,790","5,301","4,157","4,244","4,702","6,599","5,948","5,536","6,271","5,182","6,273","5,911","6,430","4,959","4,202","3,847","4,865","5,979","5,620","5,385","6,205","5,439","4,577","2,819","3,482","3,564","3,623","3,585","3,681","4,969","4,442","4,652","4,748","3,993","5,252","4,906","5,016","4,444","3,574","3,676","4,180","5,376","5,185","4,895","4,933","4,732","6,165","4,931","5,781","5,005","3,931","3,791","4,287","5,132","5,213","5,100","5,751","4,973","6,633","4,829","6,303","4,911","3,914","4,015","4,568","5,468","5,184","4,952","5,584","5,074","5,940","5,180","5,937","4,755"
Consolidated Investigations,"4,944","4,353","5,917","4,671","5,205","4,380","3,480","3,471","3,717","5,110","4,773","4,659","4,987","4,486","5,841","4,857","5,378","4,578","3,344","3,521","4,237","5,077","5,358","5,490","5,803","4,815","5,952","4,878","6,101","4,753","3,600","3,695","4,206","5,672","5,449","4,888","5,482","4,716","5,854","5,317","5,828","4,537","3,519","3,581","3,992","5,626","5,080","4,743","5,382","4,415","5,338","5,037","5,448","4,175","3,535","3,237","4,093","5,028","4,673","4,467","5,149","4,469","3,743","2,292","2,890","2,827","2,888","2,870","2,967","3,982","3,616","3,800","3,835","3,215","4,216","3,879","3,989","3,526","2,873","2,917","3,314","4,092","4,002","3,778","3,886","3,648","4,676","3,738","4,361","3,783","2,982","2,810","3,170","3,635","3,857","3,640","4,041","3,569","4,695","3,450","4,483","3,450","2,770","2,837","3,142","3,572","3,504","3,303","3,597","3,390","3,826","3,301","3,979","3,268"
CARES Cases,52,46,75,58,58,44,10,8,25,63,61,57,70,58,86,69,100,76,27,28,66,108,142,139,127,80,105,49,96,78,24,36,61,142,117,112,184,152,242,135,161,77,42,41,138,236,178,152,179,171,228,167,213,136,81,65,169,262,285,239,324,251,218,122,126,152,129,129,164,308,208,212,320,245,380,368,335,244,169,213,281,529,495,433,607,503,684,505,649,477,287,361,488,836,716,797,964,716,"1,079",665,976,702,465,512,746,"1,161","1,072",996,"1,290","1,063","1,281","1,101","1,193",727
Total Consolidated Investigations and CARES Cases,"4,996","4,399","5,992","4,729","5,263","4,424","3,490","3,479","3,742","5,173","4,834","4,716","5,057","4,544","5,927","4,926","5,478","4,654","3,371","3,549","4,303","5,185","5,500","5,629","5,930","4,895","6,057","4,927","6,197","4,831","3,624","3,731","4,267","5,814","5,566","5,000","5,666","4,868","6,096","5,452","5,989","4,614","3,561","3,622","4,130","5,862","5,258","4,895","5,561","4,586","5,566","5,204","5,661","4,311","3,616","3,302","4,262","5,290","4,958","4,706","5,473","4,720","3,961","2,414","3,016","2,979","3,017","2,999","3,131","4,290","3,824","4,012","4,155","3,460","4,596","4,247","4,324","3,770","3,042","3,130","3,595","4,621","4,497","4,211","4,493","4,151","5,360","4,243","5,010","4,260","3,269","3,171","3,658","4,471","4,573","4,437","5,005","4,285","5,774","4,115","5,459","4,152","3,235","3,349","3,888","4,733","4,576","4,299","4,887","4,453","5,107","4,402","5,172","3,995"
Indication Rate,39.8%,40.1%,39.2%,38.0%,37.8%,36.6%,38.0%,38.8%,37.4%,33.4%,35.2%,34.9%,36.4%,36.3%,36.2%,35.7%,35.2%,35.9%,40.7%,42.1%,41.5%,40.6%,39.9%,39.5%,40.3%,39.1%,40.1%,39.8%,37.5%,40.4%,42.6%,40.7%,39.7%,37.9%,38.5%,39.1%,38.7%,37.3%,35.5%,35.8%,37.3%,35.8%,39.1%,40.4%,38.9%,36.1%,36.9%,37.9%,38.9%,37.7%,36.5%,37.8%,36.0%,37.4%,38.3%,40.6%,35.7%,35.5%,37.1%,36.2%,36.3%,33.9%,34.7%,34.9%,38.4%,36.8%,38.1%,38.7%,38.0%,36.1%,36.0%,34.6%,35.6%,34.5%,32.3%,31.6%,34.6%,34.6%,36.9%,38.9%,36.0%,33.5%,32.7%,31.1%,30.9%,31.5%,28.4%,29.8%,28.1%,28.7%,30.7%,31.5%,32.0%,28.1%,27.3%,27.9%,27.2%,27.5%,25.6%,27.3%,27.3%,31.0%,34.0%,30.5%,30.0%,29.0%,28.6%,30.6%,30.2%,30.3%,29.3%,30.1%,28.3%,30.4%
% of Cases (Investigations and CARES) w/ Indicated Investigations,,,,,,,,,,,,,,,,,,,,,,,,,,,,,,,,,,,,,,,,,,,,,,,,,,,,,,,,,,,,,33.2%,31.0%,31.9%,32.3%,35.9%,33.7%,34.9%,35.6%,34.3%,32.4%,32.9%,31.5%,31.9%,31.0%,28.5%,27.7%,30.8%,31.2%,33.3%,34.4%,31.9%,28.6%,28.2%,27.0%,25.8%,26.8%,24.1%,25.5%,23.7%,24.7%,27.0%,26.7%,26.8%,22.1%,22.3%,22.1%,21.2%,22.2%,20.1%,22.1%,21.9%,25.0%,28.0%,25.0%,23.5%,21.2%,21.2%,22.6%,21.6%,22.4%,21.3%,21.7%,21.2%,24.1%
CPS caseload CW,11.6,11.2,11.5,11.2,11.1,10.2,8.4,7.8,8.3,9.6,10.7,10.5,11.1,11.3,12.2,12.3,12.6,12.0,10.1,8.9,9.6,11.0,12.5,13.8,13.8,14.0,14.0,13.8,14.0,13.2,11.6,10.3,10.3,11.7,13.2,13.6,suspend,suspend,suspend,14.4,13.9,13.6,10.6,9.0,9.6,11.2,12.1,11.2,10.6,10.6,10.9,10.1,10.1,10.1,7.6,6.7,7.6,7.9,8.8,9.0,9.1,8.7,8.2,5.9,4.9,4.8,4.7,4.6,4.8,5.7,6.5,6.6,6.8,6.6,7.2,7.4,7.6,7.5,6.6,5.9,6.2,7.5,8.5,8.8,8.9,8.9,9.7,9.9,9.5,9.8,8.7,7.4,8.1,9.7,9.6,10.0,10.8,10.3,11.1,10.6,10.1,10.0,8.0,6.5,7.1,8.5,8.2,8.5,8.7,8.3,8.8,8.7,7.8,7.9
CPS caseload BX,12.4,12.1,12.7,12.8,12.2,11.8,10.2,9.3,9.5,10.6,11.8,11.4,12.0,12.4,13.3,13.5,13.6,12.7,10.8,9.4,9.8,11.4,12.7,14.2,14.3,14.7,15.1,15.0,15.1,13.9,12.1,11.3,11.2,12.7,10.7,14.6,suspend,suspend,suspend,16.5,15.9,15.5,11.9,9.9,10.6,12.7,13.8,12.6,12.3,12.0,12.4,11.0,10.8,10.7,8.0,7.1,7.5,8.2,9.0,9.6,9.8,9.4,8.9,6.6,5.6,5.4,4.9,5.0,5.1,6.1,7.4,7.6,7.8,7.4,7.9,8.0,8.5,8.4,7.1,6.4,6.8,8.0,9.2,9.7,10.1,9.8,10.9,11.1,10.7,11.0,9.7,8.4,8.9,10.7,10.6,11.5,12.6,11.5,12.0,11.6,10.8,10.8,8.4,6.6,6.9,8.5,8.1,8.3,9.0,8.7,9.4,9.6,8.7,8.8
CPS caseload BK,11.8,11.3,11.6,11.0,11.2,10.1,8.4,7.7,8.2,9.3,10.4,10.2,11.0,11.1,12.2,12.3,12.5,12.2,10.4,9.3,10.0,11.2,12.3,13.3,13.9,13.7,14.0,13.4,13.5,12.7,11.7,10.3,10.4,11.7,13.2,14.0,suspend,suspend,suspend,14.5,13.7,13.3,10.2,8.9,9.4,10.9,11.4,10.4,9.7,9.9,10.3,9.5,9.5,9.6,7.6,6.6,7.8,7.8,9.0,9.2,9.5,9.2,8.4,6.3,5.0,4.6,4.4,4.5,4.6,5.3,6.0,6.2,6.4,6.5,6.9,7.0,7.1,7.0,6.4,5.6,6.1,7.6,8.6,8.7,8.9,9.0,9.3,9.6,9.1,9.7,8.5,7.2,7.7,9.4,9.7,9.5,10.2,9.8,10.5,9.9,9.4,9.4,7.4,6.0,6.8,8.1,7.8,8.0,8.1,7.7,8.1,8.1,7.6,7.6
CPS caseload MN,12.1,11.4,11.2,10.6,10.1,8.9,7.3,7.1,7.6,8.9,9.9,10.0,10.8,10.8,11.3,11.7,12.2,12.3,10.5,9.4,10.7,11.9,13.6,15.9,14.5,15.2,13.9,13.5,13.8,13.4,12.2,10.6,10.1,11.3,12.5,13.0,suspend,suspend,suspend,13.8,13.6,13.3,11.1,9.2,10.6,11.3,11.7,12.1,11.7,11.6,11.8,10.7,10.8,10.3,7.1,6.3,6.7,7.3,8.3,8.4,8.1,8.1,8.0,6.0,4.9,5.1,4.7,4.3,4.8,5.9,6.7,6.8,6.7,6.4,7.2,7.4,7.4,7.3,6.4,6.0,6.4,7.8,8.8,8.9,8.3,8.4,9.5,9.4,8.3,8.4,7.4,6.7,7.4,8.6,9.0,9.6,10.0,10.3,11.1,10.4,9.8,9.9,8.1,6.8,7.4,8.7,9.6,9.4,9.5,8.1,8.7,8.2,7.1,7.0
CPS caseload QN,9.7,9.3,9.7,9.1,9.2,8.4,6.8,6.3,7.0,8.4,9.6,9.3,9.9,9.7,10.7,10.5,10.9,9.8,7.9,7.0,7.7,9.3,11.1,12.3,12.2,12.4,12.5,12.5,12.9,12.4,9.8,8.0,8.1,9.6,11.3,10.8,suspend,suspend,suspend,12.0,11.7,11.6,9.3,7.8,8.2,9.8,11.7,10.4,9.8,9.7,9.7,9.4,9.7,10.0,7.1,6.2,7.6,7.8,8.5,8.6,8.6,7.8,7.4,5.0,4.4,4.6,4.7,4.8,4.7,5.5,6.1,6.0,6.3,6.3,6.9,7.3,7.3,7.1,6.2,5.4,5.5,6.8,7.8,8.1,8.2,8.2,9.1,9.1,8.9,9.5,8.4,6.6,7.5,9.2,8.9,9.3,10.2,9.4,10.9,10.8,10.8,10.5,8.4,7.0,7.5,8.8,8.7,9.3,9.3,8.6,9.4,9.1,7.7,8.1
CPS caseload SI,12.3,12.5,11.3,11.8,12.4,12.2,8.5,7.6,9.1,11.2,12.5,11.4,12.2,12.4,13.3,13.6,13.3,13.2,9.8,8.2,8.7,10.6,12.8,13.6,13.1,13.2,13.1,13.7,14.3,13.0,10.7,10.4,11.7,13.8,17.1,18.7,suspend,suspend,suspend,16.8,16.0,15.6,11.5,9.4,9.8,11.3,12.4,12.2,11.4,11.7,11.6,11.0,10.7,10.6,8.3,7.7,9.2,10.0,10.7,9.2,9.5,9.7,9.1,5.2,4.4,4.8,5.0,4.1,5.2,6.8,6.6,7.3,7.8,6.6,8.1,7.9,7.8,8.0,8.3,7.3,6.7,8.3,9.2,9.5,9.3,9.4,10.3,11.3,10.9,9.5,8.1,6.9,8.5,9.4,8.7,9.4,10.3,11.6,11.9,10.5,10.7,11.4,8.5,7.0,7.8,10.3,8.5,8.8,9.4,10.0,10.4,9.0,8.8,9.0
CPS caseload OSI,,,,,,,,,,,,,,,,,,,,,,,,,,,,,,,,,,,,,suspend,suspend,suspend,,,,,,,,,8.6,8.2,7.8,8.4,8.3,8.2,8.9,7.2,7.7,8.3,7.1,7.3,7.5,7.2,6.4,5.9,4.1,3.3,3.6,4.2,4.4,4.4,5.2,5.3,5.1,5.2,4.2,5.7,6.5,6.2,6.7,6.1,5.0,5.2,5.5,6.2,7.0,6.3,6.9,8.3,8.5,8.0,8.8,9.6,8.0,9.3,10.9,9.5,8.1,8.5,7.9,8.1,7.8,6.0,5.9,5.6,5.1,5.7,6.2,5.6,6.0,5.4,5.9,5.9,6.0,5.7,5.8
OSI Total,202,148,216,197,231,199,184,171,155,198,170,154,174,192,222,216,246,214,198,216,234,228,225,204,212,189,257,205,222,218,196,211,197,223,217,190,194,151,229,218,237,202,226,187,172,197,195,201,206,149,196,207,220,202,202,194,182,179,184,158,179,143,125,71,107,114,119,113,143,160,123,137,102,104,163,146,143,140,114,108,149,131,173,133,129,139,143,140,155,138,129,133,126,160,156,131,130,115,163,145,154,140,132,116,142,151,152,116,153,141,152,144,164,144
OSI Foster Care,169,126,177,148,177,140,130,125,115,146,128,120,136,150,165,150,182,166,153,163,162,184,174,150,170,150,198,154,166,157,139,136,139,167,156,144,140,102,174,159,158,127,151,133,120,130,141,164,148,96,142,137,146,141,152,136,127,138,129,111,130,103,104,62,103,101,110,102,131,140,105,119,90,92,141,116,116,107,91,92,115,105,131,107,108,107,97,106,117,99,85,89,93,112,112,98,103,77,119,94,99,95,98,81,87,97,116,76,108,97,91,101,112,98
OSI Day Care,33,22,39,49,54,59,54,46,40,52,42,34,38,42,57,66,64,48,45,53,72,44,51,54,42,39,59,51,56,61,57,75,58,56,61,46,54,49,55,59,79,75,75,54,52,67,54,37,58,53,54,70,74,61,50,58,55,41,55,47,49,40,21,9,4,13,9,11,12,20,18,18,12,12,22,30,27,33,23,16,34,26,42,26,21,32,46,34,38,39,44,44,33,48,44,33,27,38,44,51,55,45,34,35,55,54,36,40,45,44,61,43,52,46
Article 10 filings Total,778,895,1010,885,911,925,832,744,741,746,710,781,714,787,863,844,766,847,731,881,815,"1,266","1,016","1,443","1,312","1,100","1,490","1,275","1,468","1,410","1,276","1,356","1,230","1,501","1,221","1,336","1,311","1,254","1,185","1,051","1,051","1,141",991,"1,095",949,"1,266","1,007","1,018","1,092","1,056","1,040","1,127","1,080","1,002","1,021","1,025",810,"1,070",951,"1,058","1,044","1,028",816,374,532,576,628,544,701,717,569,688,622,580,754,602,707,679,656,647,699,856,700,641,546,582,783,644,626,632,525,516,596,514,490,540,542,563,604,492,546,722,531,498,538,593,532,551,554,584,639,675,664,614
Court Ordered Supervision,431,582,669,567,571,564,514,486,465,485,480,496,445,475,583,554,546,586,435,583,556,826,678,962,863,761,997,853,985,963,837,919,819,1002,819,961,865,884,808,678,669,772,673,688,613,792,635,674,738,714,709,731,699,633,672,709,532,690,665,710,704,643,527,216,329,389,383,318,458,390,340,437,388,392,391,397,422,409,389,386,420,500,382,368,342,340,506,363,375,330,312,303,372,308,261,291,300,348,367,276,296,386,301,285,303,321,313,324,309,325,376,425,408,369
Court Order Removals,246,229,237,231,235,201,225,173,170,176,160,193,186,217,198,173,140,178,199,198,191,292,204,280,259,188,269,230,289,249,270,267,240,305,238,210,206,186,230,236,235,200,173,259,151,297,167,193,184,194,211,260,244,205,204,186,168,243,168,201,180,208,187,123,138,118,142,135,135,197,118,120,112,91,158,110,153,148,167,160,156,181,159,160,126,158,176,166,158,172,114,125,163,153,146,166,166,160,167,143,179,224,159,140,175,196,147,169,181,172,182,166,155,160
Other Filing Outcomes,101,84,104,87,105,160,93,85,106,85,70,92,83,95,82,117,80,83,97,100,68,148,134,201,190,151,224,192,194,198,169,170,171,194,164,165,240,184,147,137,147,169,145,148,185,177,205,151,170,148,120,136,137,164,145,130,110,137,118,147,160,177,102,35,65,69,103,91,108,130,111,131,122,97,205,95,132,122,100,101,123,175,159,113,78,84,101,115,93,130,99,88,61,53,83,83,76,55,70,73,71,112,71,73,60,76,72,58,64,87,81,84,101,85
Post-Filing Removals,157,129,118,147,136,102,123,97,100,107,91,107,97,106,103,72,86,94,104,138,98,152,121,168,149,102,132,100,158,139,133,144,123,146,130,104,119,100,134,118,108,104,85,145,89,162,82,93,79,98,93,134,100,94,122,101,94,135,104,101,96,133,88,64,66,64,88,66,86,111,64,61,42,50,77,43,81,80,99,89,91,95,69,77,65,80,73,91,78,87,58,69,85,78,64,79,85,78,87,70,83,89,77,78,83,95,80,83,88,89,78,96,72,68
Pre-Filing Emergency Removals,89,100,119,84,99,99,102,76,70,69,69,86,89,111,95,101,54,84,95,60,93,140,83,112,110,86,137,130,131,110,137,123,117,159,108,106,87,86,96,118,127,96,88,114,62,135,85,100,105,96,118,126,144,111,82,85,74,108,64,100,84,75,99,59,72,54,54,69,49,86,54,59,70,41,81,67,72,68,68,71,65,86,90,83,61,78,103,75,80,85,56,56,78,75,82,87,81,82,80,73,96,135,82,62,92,101,67,86,93,83,104,70,83,92
Total new prevention cases,735,910,1127,986,921,1078,904,897,767,753,750,1015,797,899,1027,832,890,995,839,897,819,775,726,820,549,601,864,644,789,908,764,874,840,870,778,817,728,776,879,794,756,736,808,893,752,858,789,849,875,767,891,844,843,806,855,880,765,786,659,872,603,521,398,451,470,439,662,640,599,670,593,799,714,763,809,691,667,710,631,633,557,585,500,557,490,486,618,618,599,544,464,578,528,547,470,546,532,551,678,587,632,546,479,626,494,556,595,639,683,672,650,592,590,445
General Prevention new cases,367,505,668,530,487,554,461,469,405,386,397,564,426,452,569,459,493,564,428,458,425,411,428,485,322,360,533,371,462,512,418,455,483,476,418,473,383,409,503,440,418,435,465,473,397,392,374,455,409,372,471,450,440,433,423,478,373,332,291,438,300,312,227,269,268,249,315,261,248,283,257,358,312,359,381,357,353,383,337,361,305,300,271,298,278,251,321,305,322,280,265,320,284,317,243,280,270,280,330,297,341,308,259,339,268,251,291,317,356,352,348,293,296,210
FTR new cases,69,103,99,84,92,119,88,118,94,65,68,103,73,88,93,87,100,121,78,104,114,80,74,113,39,47,80,46,71,133,86,101,121,121,96,108,77,98,93,97,80,94,99,128,116,151,142,146,139,124,155,123,131,133,125,109,143,155,108,140,85,81,60,77,76,91,118,107,105,117,109,165,143,114,137,103,114,109,101,107,88,97,63,97,73,77,94,91,92,88,91,96,93,89,68,93,75,92,113,89,105,83,65,107,79,97,82,100,105,114,97,123,117,84
EBM new cases,275,276,343,348,309,361,325,289,249,285,265,325,279,332,337,268,280,296,310,314,259,267,207,211,171,177,242,214,244,235,242,293,213,257,247,215,247,249,260,243,239,196,226,268,211,289,254,229,308,245,242,258,243,216,280,273,223,285,248,282,202,122,106,100,121,92,219,262,235,248,219,266,249,279,280,224,190,208,178,159,153,182,154,147,124,152,193,211,174,161,100,151,144,127,148,166,182,163,219,189,179,148,152,169,136,204,216,213,206,194,190,167,159,143
Special Medical new cases,24,26,17,24,33,44,30,21,19,17,20,23,19,27,28,18,17,14,23,21,21,17,17,11,17,17,9,13,12,28,18,25,23,16,17,21,21,20,23,14,19,11,18,24,28,26,19,19,19,26,23,13,29,24,27,20,26,14,12,12,16,6,5,5,5,7,10,10,11,22,8,10,10,11,11,7,10,10,15,6,11,6,12,15,15,6,10,11,11,15,8,11,7,14,11,7,5,16,16,12,7,7,3,11,11,4,6,9,16,12,15,9,18,8
Total Children's Center Population,51,39,50,52,60,50,42,40,36,45,40,40,46,45,49,53,34,40,50,56,54,71,62,82,97,60,73,82,90,86,80,70,65,87,87,79,71,70,73,78,80,80,82,82,73,80,82,77,80,87,78,70,76,73,63,75,58,64,64,68,69,77,69,50,49,35,36,46,45,52,53,55,52,47,54,47,61,72,77,83,91,86,95,86,86,69,66,76,83,85,75,68,81,69,69,66,71,69,66,55,73,96,94,89,92,82,80,53,60,65,74,79,86,66
0 - 3 yrs. Children's Center,5,8,10,7,6,5,5,5,6,5,4,4,5,6,8,7,5,6,8,6,5,12,13,16,19,12,17,15,17,14,21,15,9,12,13,9,7,8,7,9,5,12,13,11,discont,discont,discont,discont,discont,discont,13,6,6,9,8,11,9,8,7,11,12,11,7,3,3,3,5,10,10,8,5,6,4,2,6,7,6,12,12,14,14,9,11,13,13,10,6,7,8,9,8,7,9,6,7,6,6,8,8,3,6,13,13,11,12,11,10,4,5,7,11,11,11,6
4 - 6 yrs. Children's Center,5,5,5,4,4,4,4,3,2,3,3,2,3,6,4,4,3,2,4,4,2,6,5,7,10,8,8,8,10,6,8,6,7,8,8,6,5,5,4,6,5,5,8,9,discont,discont,discont,discont,discont,discont,6,5,4,4,3,7,4,8,7,10,11,10,10,5,7,6,3,5,4,4,4,4,5,2,4,1,5,7,10,12,14,12,11,10,7,9,9,9,11,12,6,9,11,5,7,7,7,5,7,6,8,8,9,7,11,7,8,6,8,7,7,9,8,4
7 - 10 yrs. Children's Center,6,5,6,5,7,7,5,5,5,9,7,4,7,7,8,11,7,7,7,8,11,14,12,16,20,8,10,17,20,19,13,12,10,16,20,18,16,12,11,10,10,9,14,16,discont,discont,discont,discont,discont,discont,15,10,13,13,9,13,7,8,11,10,14,17,14,10,9,4,5,5,7,9,12,12,11,9,8,9,17,15,9,10,14,15,21,25,22,14,14,20,23,20,16,10,14,19,15,15,14,12,12,12,17,23,15,11,12,10,11,5,7,8,8,10,13,8
>19 yrs. Children's Center,1,1,1,2,1,2,2,1,0,0,0,0,0,0,0,0,1,1,0,2,2,2,3,2,2,2,1,2,2,2,3,3,3,4,3,2,5,3,4,3,3,2,1,3,discont,discont,discont,discont,discont,discont,1,0,1,0,2,2,3,3,3,2,3,2,1,2,2,3,2,1,1,1,0,1,1,2,1,3,2,2,2,1,1,3,2,2,1,0,1,2,1,0,0,0,0,1,2,2,2,2,1,2,1,3,6,4,1,0,1,1,2,2,1,3,3,2
Total Foster Care Placements,372,331,378,374,334,341,351,329,284,338,264,287,323,303,325,332,295,301,316,312,303,398,301,384,377,304,406,360,373,379,363,387,397,437,364,299,303,292,327,343,339,345,291,366,272,415,264,280,316,330,296,335,331,302,308,268,262,268,258,317,314,325,260,157,190,178,226,194,199,257,194,222,198,186,260,177,248,248,260,220,245,267,222,218,197,235,254,281,257,254,181,228,278,232,195,198,241,215,270,224,251,335,290,216,274,258,235,228,283,260,238,300,253,261
Article 10 placements,310,287,310,300,275,274,280,271,231,261,203,228,258,241,262,271,224,224,264,252,240,350,253,340,329,260,355,317,324,329,305,338,344,393,324,250,270,257,285,300,298,315,250,339,234,379,239,252,278,297,257,302,293,271,265,226,214,220,230,291,277,286,229,137,168,157,203,184,172,230,173,191,172,163,231,157,221,209,225,198,229,233,192,196,170,206,220,236,210,205,151,197,227,190,148,168,199,169,230,190,204,276,227,164,217,205,155,182,225,211,163,226,200,191
PINS placements,12,10,13,11,6,16,10,12,8,23,11,11,10,13,13,11,13,14,7,8,7,10,12,3,5,11,7,6,10,10,9,8,8,9,9,7,10,6,4,7,11,9,3,4,7,7,2,4,6,12,4,2,4,5,5,6,5,9,4,8,9,3,2,1,1,,,1,,,2,,,1,,1,,,1,,,,,,,3,1,1,3,1,1,,2,1,1,2,,1,1,1,,2,2,,1,,1,,1,,,4,,
JD placements,12,13,18,16,19,17,18,14,16,17,15,18,17,17,19,16,24,17,17,21,22,12,15,16,12,12,19,12,14,16,14,15,18,7,9,13,7,8,11,11,6,9,12,4,8,7,6,5,11,5,7,6,4,6,10,8,15,10,9,3,11,10,14,2,3,4,7,,4,5,7,6,2,8,7,2,5,5,2,3,1,4,5,2,8,3,11,3,7,9,2,9,4,3,9,1,4,4,3,6,9,8,7,8,5,8,11,4,3,7,9,10,7,8
Voluntary placements,22,16,30,33,26,23,27,22,22,27,22,17,19,16,24,26,22,30,21,23,21,16,13,18,23,15,12,19,17,16,23,20,21,19,12,18,11,12,14,14,18,6,18,13,10,15,10,11,13,12,23,13,19,11,17,8,16,10,8,6,7,6,5,2,1,4,5,3,4,8,4,3,3,2,4,5,6,6,4,7,4,7,3,7,8,6,5,11,10,12,7,3,12,7,5,10,1,8,4,7,14,8,5,9,8,4,16,7,16,8,4,7,7,7
Other/unknown placements,16,5,7,14,8,11,16,10,7,10,13,13,19,16,7,8,12,16,7,8,13,10,8,7,8,6,13,6,8,8,12,6,6,9,10,11,5,9,13,11,6,6,8,6,13,7,7,8,8,4,5,12,11,9,11,20,12,19,7,9,10,20,10,15,17,13,11,6,19,14,8,22,21,12,18,12,16,28,28,12,11,23,22,13,11,17,17,30,27,27,20,19,33,31,32,17,37,33,32,20,24,41,49,35,43,41,52,35,38,34,62,53,39,55
Foster Care Placements Total (no jd),360,318,360,358,315,324,333,315,268,321,249,269,306,286,306,316,271,284,299,291,281,386,286,368,365,292,387,348,359,363,349,372,379,430,355,286,296,284,316,332,333,336,279,362,264,408,258,275,305,325,289,329,327,296,298,260,247,258,249,314,303,315,246,155,187,174,219,194,195,252,187,216,196,178,253,175,243,243,258,217,244,263,217,216,189,232,243,278,250,245,179,219,274,229,186,197,237,211,267,218,242,327,283,208,269,250,224,224,280,253,229,290,246,253
children 0-5 placements,143,162,163,174,139,145,154,145,129,142,122,121,131,149,137,137,135,122,142,137,134,183,124,187,166,130,177,171,170,175,174,171,187,218,176,128,140,147,160,142,159,170,150,184,133,200,114,138,141,151,134,163,147,154,153,123,129,119,122,148,147,150,120,79,89,95,120,109,101,126,103,102,84,87,119,85,113,119,132,105,121,123,91,98,91,117,100,108,117,98,81,120,130,106,91,84,107,98,110,96,101,143,141,91,114,111,92,85,103,103,108,120,100,106
children 6-11 placements,89,67,79,68,69,64,69,72,63,68,41,58,74,59,75,78,53,59,60,69,57,100,68,94,92,72,97,83,86,84,76,93,89,88,87,73,69,57,78,90,77,89,66,86,42,114,74,76,73,97,80,80,88,68,59,63,51,56,56,83,80,87,70,29,51,38,42,39,43,57,45,58,58,30,68,35,68,53,56,54,59,60,69,61,48,50,64,82,67,70,38,53,59,62,45,43,50,44,88,59,63,87,67,57,74,77,58,55,78,63,39,66,63,68
children 12+ placements,128,89,118,116,107,115,110,98,76,111,86,90,101,78,94,101,83,103,97,85,90,103,94,87,107,90,113,94,103,104,99,108,103,124,92,85,87,80,78,100,97,77,63,92,89,94,70,61,91,77,75,86,92,74,86,74,67,83,71,83,76,78,56,47,47,41,57,46,51,69,39,56,54,61,66,55,62,71,70,58,64,80,57,57,50,65,79,88,66,77,60,46,85,61,50,70,80,69,69,63,78,97,75,60,81,62,74,84,99,87,82,104,83,79
Total Foster Care Census,"11,157","11,093","11,111","11,137","11,112","10,920","10,604","10,421","10,315","10,295","10,075","9,957","9,847","9,650","9,545","9,503","9,446","9,215","9,093","8,854","8,840","8,907","8,846","8,825","8,937","8,945","8,962","8,991","8,981","8,871","8,867","8,773","8,825","8,917","8,865","8,747","8,711","8,687","8,629","8,631","8,615","8,512","8,458","8,374","8,406","8,444","8,320","8,251","8,308","8,317","8,279","8,310","8,270","8,358","8,037","7,909","7,922","7,934","7,862","7,709","7,671","7,718","7,740","7,758","7,808","7,860","7,827","7,778","7,803","7,778","7,754","7,645","7,666","7,631","7,593","7,478","7,394","7,324","7,222","7,136","7,157","7,219","7,135","7,111","7,087","7,135","7,124","7,162","7,134","7,053","6,937","6,815","6,822","6,828","6,789","6,717","6,757","6,711","6,681","6,607","6,563","6,505","6,487","6,450","6,445","6,438","6,387","6,337","6,399","6,438","6,431","6,469","6,511","6,500"
Residential Care census,945,916,934,976,968,930,912,895,899,887,859,832,826,818,803,819,830,787,806,777,807,834,837,830,854,837,836,829,810,814,816,800,813,839,847,837,654,832,818,816,819,786,794,772,787,788,765,737,784,777,768,751,735,714,703,705,729,749,750,728,736,728,712,667,652,678,674,684,667,657,653,623,643,675,671,655,659,649,647,641,642,657,638,638,633,621,628,672,674,647,655,665,659,655,637,610,628,627,606,601,595,593,583,562,557,548,540,516,559,555,536,567,580,546
TFFC census,946,929,920,913,915,905,880,897,884,910,900,894,885,870,867,855,862,878,826,811,836,821,821,815,832,862,875,862,854,827,813,805,819,846,875,861,861,866,845,847,851,855,841,822,841,832,826,829,838,819,830,841,835,851,812,814,816,815,811,810,813,834,829,803,808,805,799,807,814,840,796,778,770,767,760,762,762,760,761,745,759,751,720,713,710,711,704,709,708,693,676,649,655,639,640,617,630,633,634,632,650,643,,,,,,,,,,,,
Regular FBH census,"5,415","5,419","5,425","5,393","5,392","5,298","5,136","4,991","4,935","4,905","4,833","4,724","4,669","4,544","4,506","4,519","4,490","4,421","4,362","4,254","4,203","4,248","4,204","4,224","4,275","4,238","4,268","4,272","4,271","4,259","4,232","4,119","4,115","4,163","4,061","3,974","3,961","3,938","3,897","3,673","3,614","3,528","3,496","3,429","3,395","3,433","3,332","3,288","3,278","3,298","3,303","3,276","3,278","3,286","3,120","3,048","3,042","3,036","3,011","2,938","2,917","2,904","2,913","2,916","2,923","2,889","2,871","2,833","2,836","2,783","2,779","2,743","2,755","2,713","2,704","2,652","2,617","2,575","2,547","2,524","2,547","2,546","2,513","2,494","2,478","2,505","2,484","2,497","2,474","2,459","2,394","2,334","2,325","2,332","2,307","2,289","2,288","2,259","2,283","2,238","2,230",2201,,,,,,,,,,,,
Non-Kin EFFC census,,,,,,,,,,,,,,,,,,,,,,,,,,,,,,,,,,,,,,,,,,,,,,,,,,,,,,,,,,,,,,,,,,,,,,,,,,,,,,,,,,,,,,,,,,,,,,,,,,,,,,,"2,824","2,795","2,802","2,762","2,730",2716,2707,2724,2733,2726,2770,"2,779"
Non-Kin SFFC (Special Medical) census,241,240,240,240,248,244,239,233,230,231,223,217,229,227,222,212,219,215,215,216,222,241,243,253,265,268,257,247,253,249,247,247,239,250,238,237,231,243,245,245,246,241,242,231,229,226,226,222,216,225,204,224,227,229,222,220,218,219,207,203,205,215,218,216,220,225,229,227,227,233,236,235,237,237,233,234,226,226,222,226,224,226,227,226,227,229,229,231,224,216,218,215,215,216,212,214,211,201,200,199,204,221,231,233,235,240,248,244,246,247,240,243,242,249
Kinship census,"3,610","3,589","3,592","3,615","3,589","3,543","3,437","3,405","3,367","3,362","3,260","3,290","3,238","3,191","3,147","3,098","3,045","2,914","2,884","2,796","2,772","2,763","2,741","2,703","2,711","2,740","2,726","2,781","2,793","2,722","2,759","2,802","2,839","2,819","2,844","2,839","2,828","2,808","2,824","3,050","3,085","3,101","3,084","3,120","3,153","3,166","3,171","3,175","3,192","3,199","3,174","3,219","3,195","3,278","3,180","3,122","3,117","3,115","3,083","3,030","3,001","3,037","3,068","3,156","3,205","3,263","3,254","3,227","3,259","3,265","3,290","3,266","3,261","3,239","3,225","3,175","3,130","3,114","3,045","3,000","2,985","3,039","3,037","3,040","3,039","3,069","3,079","3,053","3,054","3,038","2,994","2,952","2,968","2,986","2,993","2,987","3,000","2,991","2,958","2,937","2,884","2,847","2,849","2,860","2,851","2,888","2,869","2,861","2,887","2,912","2,922","2,933","2,919","2,926"
Children Freed -No surrender,46,38,61,67,40,56,58,57,68,49,34,51,41,29,76,45,44,50,24,50,42,40,33,42,26,40,35,43,35,48,46,35,35,37,23,27,46,50,42,42,49,26,38,30,28,29,39,42,43,33,25,26,38,27,30,20,21,34,4,29,32,34,18,0,5,6,2,4,6,18,10,7,12,3,29,28,15,21,20,34,20,25,23,26,30,23,32,18,30,36,19,23,38,29,23,25,16,23,14,24,19,30,33,34,22,22,18,18,26,47,25,32,28,30
Children Freed- Surrender,15,26,18,26,24,18,25,41,20,28,26,14,30,25,26,17,47,22,19,34,19,26,18,21,29,15,27,25,23,22,16,21,19,18,22,16,28,33,28,16,15,33,11,36,25,29,18,19,18,16,18,20,26,18,8,13,18,13,17,14,18,11,12,0,1,3,3,6,6,2,7,2,1,1,9,8,15,11,9,15,3,16,23,10,12,7,16,13,19,9,10,9,12,15,26,9,8,11,17,13,6,12,8,9,6,8,4,4,15,9,13,14,6,11
Total children freed,61,64,79,93,64,74,82,98,87,77,60,63,71,54,102,62,91,72,43,81,61,66,51,63,55,55,62,68,58,70,62,56,54,55,45,43,74,83,70,58,64,59,49,66,53,58,57,61,61,49,43,46,64,45,38,33,39,47,21,43,50,45,30,0,6,9,5,10,12,20,17,9,13,4,38,36,30,32,29,49,23,41,46,36,42,30,48,31,49,45,29,32,50,44,49,34,24,34,31,37,25,42,41,43,28,30,22,22,41,56,38,46,34,41
Reunifications,188,211,268,222,257,249,225,213,225,224,193,232,217,240,236,233,267,179,195,220,180,182,169,167,209,203,210,170,196,228,198,214,165,226,213,228,228,209,210,218,194,260,176,203,169,218,208,216,158,172,228,169,207,185,218,167,148,187,160,170,152,165,158,87,111,111,150,141,130,111,122,101,147,137,194,123,172,174,153,119,131,148,156,146,161,130,175,134,152,165,110,129,154,108,116,108,124,118,149,129,139,178,97,155,119,148,112,139,139,144,196,137,121,138
Adoptions,61,54,75,90,96,124,65,77,69,49,192,74,64,89,95,78,87,122,58,88,77,44,107,50,55,52,61,54,104,149,64,54,58,32,124,81,44,76,66,66,115,120,50,48,22,46,100,57,43,48,40,84,98,112,27,47,27,28,90,62,41,36,46,0,0,,0,6,10,24,41,38,21,39,30,52,28,55,28,38,34,37,45,31,25,20,37,44,41,89,32,27,38,46,67,37,33,41,70,49,51,71,27,43,41,35,72,38,37,32,60,50,46,53
KinGAP,24,27,33,13,25,21,16,33,21,18,21,33,24,34,29,30,39,45,26,14,43,31,20,31,38,34,36,23,55,33,27,28,28,53,23,20,25,5,18,22,23,33,30,28,37,44,13,34,28,29,29,30,38,39,21,28,28,26,29,38,35,27,27,0,5,3,13,6,22,27,10,40,46,39,58,42,60,51,33,24,20,33,44,44,23,24,36,37,36,42,31,33,19,18,21,25,17,31,44,28,52,35,35,31,31,31,23,28,23,28,20,21,43,32
Non-Permanency,64,78,70,62,76,74,77,68,69,80,65,73,89,66,73,61,72,62,68,74,72,61,69,68,56,55,65,70,57,61,48,50,64,60,72,62,61,69,73,52,55,53,44,48,55,57,61,61,62,41,62,61,67,45,48,55,46,66,53,48,65,47,43,28,47,51,45,44,62,48,50,54,36,48,53,40,52,50,39,41,40,57,45,46,55,48,52,37,58,39,34,51,49,42,34,43,40,21,41,25,32,35,42,35,55,44,41,33,42,33,32,37,32,35
Total discharges,337,370,446,387,454,468,383,391,384,371,471,412,394,429,433,402,465,408,347,396,372,318,365,316,358,344,372,317,412,471,337,346,315,371,432,391,358,359,367,358,387,466,300,327,283,365,382,368,291,290,359,344,410,381,314,297,249,307,332,318,293,275,274,115,163,165,208,197,224,210,223,233,250,263,335,257,312,330,253,222,225,275,290,267,264,222,300,252,287,335,207,240,260,214,238,213,214,211,304,231,274,319,201,264,246,258,248,238,241,237,308,245,242,258
Detention Admissions,240,191,258,202,256,256,217,239,209,219,223,217,196,181,217,217,195,198,145,203,191,196,192,163,204,158,186,145,191,152,153,154,143,165,151,129,145,131,143,152,162,126,121,113,191,165,169,141,169,142,167,159,184,136,172,139,142,171,123,113,122,146,90,68,108,48,46,81,96,110,81,89,105,67,84,64,88,76,99,80,84,91,104,87,74,123,140,134,159,144,126,127,151,162,129,117,164,136,176,158,172,157,150,169,144,169,148,143,164,173,172,154,186,209
Releases from Detention,201,217,259,206,242,256,231,219,226,221,216,213,185,196,220,207,181,209,169,208,201,211,167,165,206,166,186,146,182,164,146,171,141,167,158,146,124,136,161,155,153,131,130,116,110,178,162,141,171,146,171,168,185,126,158,149,141,164,137,135,126,129,138,64,92,67,60,46,86,99,75,101,101,69,90,61,81,76,82,72,80,83,97,81,85,109,149,125,156,156,109,129,129,146,120,126,136,143,165,136,181,161,146,151,156,152,163,147,144,163,175,167,189,200
Population in Secure Detention,99,107,93,81,79,94,88,95,94,93,92,96,101,96,85,87,88,85,77,76,75,67,66,73,72,69,66,66,67,69,65,58,59,56,51,52,51,51,48,38,26,35,38,38,36,37,44,45,55,46,47,49,51,57,64,66,62,66,78,76,76,89,80,70,80,78,69,80,95,102,110,107,108,105,104,107,106,112,119,131,141,140,145,149,152,146,145,148,146,149,154,159,175,192,202,202,202,213,218,216,224,223,223,227,235,239,243,232,238,245,244,242,237,244
Population Specialized Juvenile detention,,,,,,,,,,,,,,,,,,,,,,,,,,,,,,,,,,,,,,,,,,,,,4,86,79,73,67,59,62,59,52,58,60,57,54,48,39,23,17,11,6,4,2,2,1,0,0,0,0,0,0,0,0,0,0,0,0,0,0,0,0,0,0,0,0,0,0,0,0,0,0,0,0,0,0,0,0,0,0,0,0,0,0,0,0,0,0,0,0,0,0,0
Population Non-Secure Detention,64,76,59,64,75,76,75,67,60,59,65,60,60,65,58,62,68,80,65,61,50,43,42,51,49,47,46,44,43,54,41,45,36,35,38,26,28,38,26,31,39,42,33,25,21,18,17,25,28,34,31,27,24,25,26,34,36,35,38,31,30,32,31,12,14,14,13,15,23,22,26,20,18,19,20,14,16,16,18,20,19,24,28,25,21,31,36,38,38,32,28,30,27,29,31,32,37,39,43,47,40,34,31,27,28,30,42,42,47,47,54,49,47,55
 Average daily population AO,,,,,,,,,,,,,,,,,,,,,,,,,,,,,,,,,,,,,,0,0,0,0,0,0,0,0,4,12,14,19,16,16,20,22,28,34,37,31,34,46,47,46,53,46,45,52,53,49,60,70,72,72,70,72,71,71,72,73,78,88,103,106,104,112,117,119,118,113,112,105,108,112,119,126,141,147,152,155,157,160,158,159,163,163,164,174,177,180,172,174,182,177,174,174,181
Average daily population JD,,,,,,,,,,,,,,,,,,,,,,,,,74,69,71,70,68,78,67,64,57,51,55,44,47,58,44,45,52,55,47,38,30,26,27,33,39,44,43,36,33,31,35,42,46,46,50,42,38,44,43,18,21,20,15,18,28,27,34,27,25,25,27,23,26,28,27,25,24,29,33,29,26,37,43,45,49,44,41,38,36,36,41,39,44,45,54,55,51,47,40,36,37,38,51,52,60,59,67,61,56,64
Average daily population JO,,,,,,,,,,,,,,,,,,,,,,,,,45,43,38,38,41,43,35,36,36,33,32,32,28,30,27,23,20,20,22,25,25,23,21,22,24,20,17,19,20,21,21,20,21,21,20,19,21,25,22,19,21,18,17,17,20,25,29,29,29,27,26,25,21,22,21,23,29,30,28,28,28,21,25,29,30,29,28,32,39,45,45,43,41,49,47,50,54,47,51,53,52,54,53,49,50,51,54,56,53,54
Average daily population pre-Raise the Age,,,,,,,,,,,,,,,,,,,,,,,,,,,,,,,,,,,,,,,,,,,0,0,4,86,79,73,67,59,62,59,52,58,60,57,54,48,39,23,17,11,6,4,2,2,1,0,0,0,0,0,0,0,0,0,0,0,0,0,0,0,0,0,0,0,0,0,0,0,0,0,0,0,0,0,0,0,0,0,0,0,0,0,0,0,0,0,0,0,0,0,0,0
Average daily population Other,,,,,,,,,,,,,,,,,,,,,,,,,2,3,3,2,1,1,4,3,2,6,2,2,3,1,3,2,2,2,2,1,1,2,2,1,1,0,1,1,1,1,0,0,1,0,0,0,1,0,0,0,0,0,0,0,0,0,0,0,0,0,0,0,0,1,1,0,0,0,0,0,0,0,0,0,1,0,0,0,0,0,0,1,0,0,0,0,0,1,0,0,0,0,1,1,1,0,0,0,0,1
NSP admits,15,23,21,22,18,22,22,17,18,20,12,14,14,18,19,16,19,20,17,21,21,13,16,18,13,14,16,9,16,22,13,16,16,10,9,4,5,10,12,8,6,10,13,7,9,4,4,6,10,6,4,6,3,3,11,7,14,11,11,6,9,9,15,1,4,6,5,0,3,6,5,6,3,8,8,4,6,4,3,3,1,5,5,2,8,4,7,4,4,8,2,10,3,6,9,1,6,7,4,7,8,8,13,10,5,11,13,5,6,7,11,13,9,11
LSP admits,,,,,,,,,,,,2,3,6,3,2,4,4,2,4,5,3,4,4,4,0,2,2,0,1,2,1,1,2,1,3,2,1,1,3,0,0,2,0,1,2,1,0,0,0,0,0,1,0,1,,,,,,2,,1,1,0,1,1,0,1,1,2,3,1,1,1,0,1,1,1,1,0,0,0,0,0,4,5,2,2,3,4,0,0,0,2,1,0,0,1,2,0,1,3,0,5,0,1,1,1,5,2,3,4,2
CTH admissions Total,15,23,21,22,18,22,22,17,18,20,12,16,17,24,22,18,23,24,19,25,26,16,20,22,17,14,18,11,16,23,15,17,17,12,10,7,7,11,13,11,6,10,15,7,10,6,5,6,10,6,4,6,4,3,12,7,14,11,11,6,11,9,16,2,4,7,6,0,4,7,7,9,4,9,9,4,7,5,4,4,1,5,5,2,8,8,12,6,6,11,6,10,3,6,11,2,6,7,5,9,8,9,16,10,10,11,14,6,7,12,13,16,13,13
NSP General Male,92,76,91,93,95,75,82,79,80,82,89,89,85,80,81,64,90,78,74,76,74,84,87,86,94,86,75,83,94,78,84,91,67,84,91,85,82,75,57,69,71,63,71,67,65,60,53,55,53,56,46,55,46,37,42,44,53,58,59,57,61,50,46,37,45,39,41,36,38,38,33,31,29,30,32,35,34,28,21,25,23,25,19,17,23,22,29,24,25,26,28,31,24,22,29,23,27,24,21,15,16,26,28,33,33,34,34,35,36,35,32,40,41,47
NSP General Female,39,31,33,34,39,24,25,24,21,22,25,27,20,20,27,22,27,23,21,18,16,15,19,17,20,20,23,21,19,13,13,13,14,17,17,15,14,17,12,16,10,9,12,10,12,10,11,8,6,8,6,5,6,1,1,1,3,6,7,8,10,11,9,10,7,8,8,7,7,7,6,0,2,2,1,1,1,1,1,0,0,0,0,0,1,1,1,1,1,1,2,1,1,2,3,2,2,4,4,5,5,3,5,6,5,10,9,9,11,12,11,12,9,10
NSP Specialized Male,32,26,30,32,26,28,30,34,31,33,33,28,28,23,23,20,24,28,27,26,23,31,31,27,28,28,26,26,29,22,27,29,26,31,26,27,30,30,13,23,22,18,20,17,16,21,21,17,18,17,15,13,14,12,14,15,14,15,17,17,17,16,18,19,18,12,13,13,12,12,11,14,14,13,12,9,10,11,10,8,9,9,8,10,13,8,10,11,13,13,12,12,12,11,11,9,12,13,12,12,15,12,18,13,14,17,22,20,17,22,23,21,20,17
NSP Specialized Female,8,6,7,5,9,10,11,7,10,9,8,10,9,10,8,4,10,11,6,6,4,6,4,6,5,6,4,3,2,1,0,4,4,5,4,3,3,4,2,3,1,1,2,3,0,0,0,0,2,2,2,2,3,3,3,3,4,3,2,3,2,4,2,0,0,0,0,0,0,0,0,2,0,0,0,0,0,0,0,0,0,0,0,0,0,0,0,0,0,0,0,0,0,0,0,0,0,0,0,0,0,0,0,0,0,0,0,0,0,0,0,0,0,0
NSP TFCO,5,6,3,4,4,4,1,1,2,2,2,0,0,0,0,0,0,0,1,0,0,0,0,0,0,0,0,0,0,0,0,0,0,0,0,0,0,0,0,0,0,0,0,0,0,0,0,0,0,0,0,0,0,0,0,0,0,0,0,0,0,0,0,0,0,0,0,0,0,0,0,0,0,0,0,0,0,0,0,0,0,0,0,0,0,0,0,0,0,0,0,0,0,0,0,0,0,0,0,0,0,0,0,0,0,0,0,0,0,0,0,0,0,0
NSP Other,,,,,,,,,,,,,,1,1,1,1,1,1,1,0,0,0,0,0,0,0,0,0,0,0,0,0,0,1,0,0,0,0,0,0,0,0,0,0,0,0,0,0,0,0,0,0,0,0,0,0,0,0,0,0,0,0,0,0,0,0,0,0,0,0,0,0,0,0,0,0,0,0,0,0,0,0,0,0,0,0,0,0,0,0,0,0,0,0,0,0,0,0,0,0,0,0,0,0,0,0,0,0,0,0,0,0,0
LSP Male,,,,,,,,,,,,,3,8,11,10,19,19,15,16,19,21,24,23,24,19,19,22,20,12,13,10,10,13,14,22,20,19,17,16,16,11,13,12,13,13,14,6,8,7,9,11,13,12,15,10,8,8,8,8,12,13,8,8,10,13,13,13,15,14,13,16,14,17,15,14,15,12,10,12,14,15,14,11,12,11,13,12,14,15,15,18,17,16,13,11,9,10,7,8,8,7,9,9,13,12,13,14,11,17,15,15,17,19
LSP Female,,,,,,,,,,,,2,2,3,3,2,3,4,2,2,2,2,2,4,4,4,4,3,5,4,4,3,4,7,7,7,4,9,7,6,6,5,4,5,7,4,6,5,6,5,4,4,4,4,4,3,3,5,3,5,4,2,0,0,1,2,2,2,2,1,1,1,1,0,1,1,1,0,0,0,0,0,0,0,0,0,0,0,0,0,0,0,0,0,0,0,0,0,0,0,0,0,0,0,0,0,0,0,1,1,1,1,1,0
LSP Intensive Support Male/Female,,,,,,,,,,,,,1,1,0,2,0,0,0,2,1,0,0,0,0,0,0,0,0,0,0,0,0,0,0,0,0,0,0,0,0,0,0,0,0,0,0,0,0,0,0,0,0,0,0,0,0,0,0,0,0,0,0,0,0,0,0,0,0,0,0,0,0,0,0,0,0,0,0,0,0,0,0,0,0,0,0,0,0,0,0,0,0,0,0,0,0,0,0,0,0,0,0,0,0,0,0,0,0,0,0,0,0,0
Total CTH,176,145,164,168,173,141,149,145,144,148,157,156,148,146,154,125,174,164,147,147,139,159,167,163,175,163,151,158,169,130,141,150,125,157,160,159,153,154,108,133,126,107,122,114,113,108,105,91,93,95,82,90,86,69,79,76,85,95,96,98,106,96,83,74,81,74,77,71,74,72,64,64,60,62,61,60,61,52,42,45,46,49,41,38,49,42,53,48,53,55,57,62,54,51,56,45,50,51,44,40,44,48,60,61,65,73,78,78,76,87,82,89,88,93
NSP Total,176,145,164,168,173,141,149,145,144,148,157,154,142,134,140,111,152,141,130,127,117,136,141,136,147,140,128,133,144,114,124,137,111,137,139,130,129,126,84,111,104,91,105,97,93,91,85,80,79,83,69,75,69,53,60,63,74,82,85,85,90,81,75,66,70,59,62,56,57,57,50,47,45,45,45,45,45,40,32,33,32,34,27,27,37,31,40,36,39,40,42,44,37,35,43,34,41,41,37,32,36,41,51,52,52,61,65,64,64,69,66,73,70,74
LSP Total,,,,,,,,,0,0,0,2,6,12,14,14,22,23,17,20,22,23,26,27,28,23,23,25,25,16,17,13,14,20,21,29,24,28,24,22,22,16,17,17,20,17,20,11,14,12,13,15,17,16,19,13,11,13,11,13,16,15,8,8,11,15,15,15,17,15,14,17,15,17,16,15,16,12,10,12,14,15,14,11,12,11,13,12,14,15,15,18,17,16,13,11,9,10,7,8,8,7,9,9,13,12,13,14,12,18,16,16,18,19
Release from CTH Placement to Aftercare,16,27,21,11,11,54,15,23,18,11,13,17,30,13,16,13,5,27,23,19,20,11,8,22,4,17,21,6,17,26,8,5,6,8,9,9,12,13,36,11,10,24,11,11,9,0,17,14,13,5,15,8,7,12,11,7,8,4,1,4,5,1,21,4,3,11,3,6,4,2,4,4,1,1,9,4,3,7,1,5,3,7,6,5,1,6,4,4,2,2,2,5,7,9,2,9,7,4,6,2,3,7,7,2,3,3,4,2,5,5,8,10,3,16
CTH Aftercare Census,123,118,122,124,106,138,142,151,134,123,122,106,111,111,118,120,105,107,123,120,127,118,100,103,83,69,81,75,69,90,88,83,75,59,56,64,63,64,73,74,65,69,56,59,55,55,56,57,55,50,55,48,47,53,51,48,47,44,35,33,32,30,45,46,37,38,34,24,25,22,18,20,17,12,18,20,17,22,16,16,13,18,19,20,16,21,20,22,16,19,17,19,21,25,25,34,35,36,33,32,31,33,36,29,28,24,28,21,19,19,24,32,30,44
